elapsed_s,beacon_letter,rssi,accuracy_m,proximity,pos_x,pos_y,nearest_letter,distance_to_nearest,confidence,motion_state,accel_magnitude,filtered_pos_x,filtered_pos_y
0.31,A,-54,2.00,Near,8.85,-5.07,A,5.20,weak,trotting,0.2476,8.85,-5.07
0.31,B,-85,15.50,Far,8.85,-5.07,A,5.20,weak,trotting,0.2476,8.85,-5.07
0.31,C,-85,26.27,Far,8.85,-5.07,A,5.20,weak,trotting,0.2476,8.85,-5.07
1.31,A,-54,1.30,Near,9.40,-4.82,A,4.86,weak,walking,0.0613,9.40,-4.82
1.31,B,-85,16.21,Far,9.40,-4.82,A,4.86,weak,walking,0.0613,9.40,-4.82
1.31,C,-88,27.03,Far,9.40,-4.82,A,4.86,weak,walking,0.0613,9.40,-4.82
2.31,A,-66,1.47,Near,9.41,-4.82,A,4.85,weak,stationary,0.0099,9.41,-4.82
2.31,B,-87,17.14,Far,9.41,-4.82,A,4.85,weak,stationary,0.0099,9.41,-4.82
2.31,C,-82,26.15,Far,9.41,-4.82,A,4.85,weak,stationary,0.0099,9.41,-4.82
3.31,A,-75,1.88,Far,11.69,-3.78,A,4.14,weak,trotting,0.8588,11.69,-3.78
3.31,B,-89,18.27,Far,11.69,-3.78,A,4.14,weak,trotting,0.8588,11.69,-3.78
3.31,C,-82,25.40,Far,11.69,-3.78,A,4.14,weak,trotting,0.8588,11.69,-3.78
4.31,A,-68,2.10,Far,13.96,-2.75,A,4.82,weak,trotting,0.4352,13.96,-2.75
4.31,B,-86,19.05,Far,13.96,-2.75,A,4.82,weak,trotting,0.4352,13.96,-2.75
4.31,C,-84,25.32,Far,13.96,-2.75,A,4.82,weak,trotting,0.4352,13.96,-2.75
5.31,A,-69,2.36,Far,16.24,-1.71,A,6.47,weak,trotting,1.2051,16.24,-1.71
5.31,B,-83,19.27,Far,16.24,-1.71,A,6.47,weak,trotting,1.2051,16.24,-1.71
5.31,C,-83,24.98,Far,16.24,-1.71,A,6.47,weak,trotting,1.2051,16.24,-1.71
6.31,A,-74,2.82,Far,18.12,-0.86,F,7.11,weak,trotting,0.6248,18.12,-0.86
6.31,B,-84,19.67,Far,18.12,-0.86,F,7.11,weak,trotting,0.6248,18.12,-0.86
6.31,C,-84,24.94,Far,18.12,-0.86,F,7.11,weak,trotting,0.6248,18.12,-0.86
7.31,A,-75,3.32,Far,19.06,-0.43,F,6.50,weak,trotting,0.5221,19.06,-0.43
7.31,B,-85,20.23,Far,19.06,-0.43,F,6.50,weak,trotting,0.5221,19.06,-0.43
7.31,C,-86,25.36,Far,19.06,-0.43,F,6.50,weak,trotting,0.5221,19.06,-0.43
8.31,A,-80,4.02,Far,16.56,-0.37,A,6.58,weak,trotting,0.3767,16.56,-0.37
8.31,B,-84,20.56,Far,16.56,-0.37,A,6.58,weak,trotting,0.3767,16.56,-0.37
8.31,C,-85,25.54,Far,16.56,-0.37,A,6.58,weak,trotting,0.3767,16.56,-0.37
9.31,A,-77,4.60,Far,14.06,-0.32,A,4.07,weak,trotting,0.9011,14.06,-0.32
9.31,B,-83,20.65,Far,14.06,-0.32,A,4.07,weak,trotting,0.9011,14.06,-0.32
9.31,C,-85,25.71,Far,14.06,-0.32,A,4.07,weak,trotting,0.9011,14.06,-0.32
10.31,A,-78,5.22,Far,16.56,-0.18,A,6.56,weak,trotting,0.3007,16.56,-0.18
10.31,B,-78,19.21,Far,16.56,-0.18,A,6.56,weak,trotting,0.3007,16.56,-0.18
10.31,C,-84,25.61,Far,16.56,-0.18,A,6.56,weak,trotting,0.3007,16.56,-0.18
11.31,A,-82,6.05,Far,14.05,-0.16,A,4.05,weak,trotting,0.4230,14.05,-0.16
11.31,B,-82,19.19,Far,14.05,-0.16,A,4.05,weak,trotting,0.4230,14.05,-0.16
11.31,C,-86,26.00,Far,14.05,-0.16,A,4.05,weak,trotting,0.4230,14.05,-0.16
12.31,A,-83,6.95,Far,16.55,-0.09,A,6.55,weak,trotting,0.5997,16.55,-0.09
12.31,B,-81,18.93,Far,16.55,-0.09,A,6.55,weak,trotting,0.5997,16.55,-0.09
12.31,C,-83,25.58,Far,16.55,-0.09,A,6.55,weak,trotting,0.5997,16.55,-0.09
13.31,A,-83,7.85,Far,14.05,-0.08,A,4.05,weak,trotting,0.1877,14.05,-0.08
13.31,B,-86,19.65,Far,14.05,-0.08,A,4.05,weak,trotting,0.1877,14.05,-0.08
13.31,C,-83,25.21,Far,14.05,-0.08,A,4.05,weak,trotting,0.1877,14.05,-0.08
14.31,A,-81,8.58,Far,16.55,-0.04,A,6.55,weak,trotting,0.4780,16.55,-0.04
14.31,B,-81,19.33,Far,16.55,-0.04,A,6.55,weak,trotting,0.4780,16.55,-0.04
14.31,C,-82,24.56,Far,16.55,-0.04,A,6.55,weak,trotting,0.4780,16.55,-0.04
15.31,A,-82,9.37,Far,14.05,-0.04,A,4.05,weak,trotting,0.7389,14.05,-0.04
15.31,B,-76,17.43,Far,14.05,-0.04,A,4.05,weak,trotting,0.7389,14.05,-0.04
15.31,C,-80,23.31,Far,14.05,-0.04,A,4.05,weak,trotting,0.7389,14.05,-0.04
16.31,A,-84,10.30,Far,16.54,-0.02,A,6.54,weak,trotting,0.5755,16.54,-0.02
16.31,B,-79,16.89,Far,16.54,-0.02,A,6.54,weak,trotting,0.5755,16.54,-0.02
16.31,C,-81,22.59,Far,16.54,-0.02,A,6.54,weak,trotting,0.5755,16.54,-0.02
17.31,A,-85,11.30,Far,18.27,-0.01,F,6.25,weak,trotting,0.7231,18.27,-0.01
17.31,B,-82,17.06,Far,18.27,-0.01,F,6.25,weak,trotting,0.7231,18.27,-0.01
17.31,C,-83,22.50,Far,18.27,-0.01,F,6.25,weak,trotting,0.7231,18.27,-0.01
18.31,A,-85,12.29,Far,18.34,2.48,F,3.89,weak,trotting,0.1696,18.34,2.48
18.31,B,-81,17.03,Far,18.34,2.48,F,3.89,weak,trotting,0.1696,18.34,2.48
18.31,C,-83,22.42,Far,18.34,2.48,F,3.89,weak,trotting,0.1696,18.34,2.48
19.31,A,-83,13.02,Far,18.41,4.97,F,1.89,weak,trotting,0.6591,18.41,4.97
19.31,B,-83,17.37,Far,18.41,4.97,F,1.89,weak,trotting,0.6591,18.41,4.97
19.31,C,-81,21.81,Far,18.41,4.97,F,1.89,weak,trotting,0.6591,18.41,4.97
20.31,A,-84,13.83,Far,17.55,7.32,F,2.78,weak,trotting,0.7154,17.55,7.32
20.31,B,0,-1.00,Unknown,17.55,7.32,F,2.78,weak,trotting,0.7154,17.55,7.32
20.31,C,-81,21.27,Far,17.55,7.32,F,2.78,weak,trotting,0.7154,17.55,7.32
21.31,A,-85,14.73,Far,16.71,9.67,F,4.93,weak,trotting,0.1900,16.71,9.67
21.31,B,0,-1.00,Unknown,16.71,9.67,F,4.93,weak,trotting,0.1900,16.71,9.67
21.31,C,-79,20.18,Far,16.71,9.67,F,4.93,weak,trotting,0.1900,16.71,9.67
22.31,A,-86,15.71,Far,15.88,12.03,P,7.26,weak,trotting,0.0217,15.88,12.03
22.31,B,0,-1.00,Unknown,15.88,12.03,P,7.26,weak,trotting,0.0217,15.88,12.03
22.31,C,-82,20.08,Far,15.88,12.03,P,7.26,weak,trotting,0.0217,15.88,12.03
23.31,A,-89,17.00,Far,15.68,12.60,P,6.92,weak,walking,0.0175,15.68,12.60
23.31,B,0,-1.00,Unknown,15.68,12.60,P,6.92,weak,walking,0.0175,15.68,12.60
23.31,C,-80,19.47,Far,15.68,12.60,P,6.92,weak,walking,0.0175,15.68,12.60
24.31,A,0,-1.00,Unknown,15.68,12.61,P,6.91,weak,stationary,0.0133,15.68,12.61
24.31,B,0,-1.00,Unknown,15.68,12.61,P,6.91,weak,stationary,0.0133,15.68,12.61
24.31,C,-80,18.94,Far,15.68,12.61,P,6.91,weak,stationary,0.0133,15.68,12.61
25.31,A,-93,20.18,Far,15.69,12.60,P,6.91,weak,stationary,0.2274,15.69,12.60
25.31,B,-90,24.53,Far,15.69,12.60,P,6.91,weak,stationary,0.2274,15.69,12.60
25.31,C,-81,18.72,Far,15.69,12.60,P,6.91,weak,stationary,0.2274,15.69,12.60
26.31,A,-86,20.96,Far,16.49,10.24,F,5.50,weak,trotting,0.2469,16.49,10.24
26.31,B,-88,25.55,Far,16.49,10.24,F,5.50,weak,trotting,0.2469,16.49,10.24
26.31,C,-79,18.01,Far,16.49,10.24,F,5.50,weak,trotting,0.2469,16.49,10.24
27.31,A,-83,21.02,Far,17.30,7.88,F,3.29,weak,trotting,0.6458,17.30,7.88
27.31,B,-88,26.52,Far,17.30,7.88,F,3.29,weak,trotting,0.6458,17.30,7.88
27.31,C,-80,17.65,Far,17.30,7.88,F,3.29,weak,trotting,0.6458,17.30,7.88
28.31,A,-84,21.32,Far,17.43,10.37,F,5.07,weak,trotting,0.6463,17.43,10.37
28.31,B,-90,27.81,Far,17.43,10.37,F,5.07,weak,trotting,0.6463,17.43,10.37
28.31,C,-81,17.56,Far,17.43,10.37,F,5.07,weak,trotting,0.6463,17.43,10.37
29.31,A,-88,22.35,Far,16.61,12.74,P,6.26,weak,trotting,0.2503,16.61,12.74
29.31,B,0,-1.00,Unknown,16.61,12.74,P,6.26,weak,trotting,0.2503,16.61,12.74
29.31,C,-78,16.73,Far,16.61,12.74,P,6.26,weak,trotting,0.2503,16.61,12.74
30.31,A,-87,23.17,Far,15.82,15.10,P,5.08,weak,trotting,0.8190,15.82,15.10
30.31,B,0,-1.00,Unknown,15.82,15.10,P,5.08,weak,trotting,0.8190,15.82,15.10
30.31,C,-76,15.45,Far,15.82,15.10,P,5.08,weak,trotting,0.8190,15.82,15.10
31.31,A,-88,24.14,Far,16.05,17.60,P,3.97,weak,trotting,0.1282,16.05,17.60
31.31,B,-85,30.51,Far,16.05,17.60,P,3.97,weak,trotting,0.1282,16.05,17.60
31.31,C,-78,14.95,Far,16.05,17.60,P,3.97,weak,trotting,0.1282,16.05,17.60
32.31,A,-89,25.24,Far,16.28,20.09,P,4.26,weak,trotting,0.9500,16.28,20.09
32.31,B,-86,30.60,Far,16.28,20.09,P,4.26,weak,trotting,0.9500,16.28,20.09
32.31,C,-79,14.73,Far,16.28,20.09,P,4.26,weak,trotting,0.9500,16.28,20.09
33.31,A,-86,25.70,Far,16.52,22.58,P,5.76,weak,trotting,0.4126,16.52,22.58
33.31,B,-87,30.98,Far,16.52,22.58,P,5.76,weak,trotting,0.4126,16.52,22.58
33.31,C,-82,15.05,Far,16.52,22.58,P,5.76,weak,trotting,0.4126,16.52,22.58
34.31,A,-86,26.13,Far,16.75,25.06,B,5.91,weak,trotting,0.2832,16.75,25.06
34.31,B,-83,29.92,Far,16.75,25.06,B,5.91,weak,trotting,0.2832,16.75,25.06
34.31,C,-78,14.59,Far,16.75,25.06,B,5.91,weak,trotting,0.2832,16.75,25.06
35.31,A,-87,26.76,Far,16.98,27.56,B,3.88,weak,trotting,0.4761,16.98,27.56
35.31,B,-85,29.74,Far,16.98,27.56,B,3.88,weak,trotting,0.4761,16.98,27.56
35.31,C,-79,14.41,Far,16.98,27.56,B,3.88,weak,trotting,0.4761,16.98,27.56
36.31,A,-89,27.75,Far,17.25,25.07,B,5.64,weak,trotting,0.1142,17.25,25.07
36.31,B,-86,29.88,Far,17.25,25.07,B,5.64,weak,trotting,0.1142,17.25,25.07
36.31,C,-72,12.28,Far,17.25,25.07,B,5.64,weak,trotting,0.1142,17.25,25.07
37.31,A,-85,27.76,Far,17.52,22.59,P,5.21,weak,trotting,0.3449,17.52,22.59
37.31,B,-87,30.28,Far,17.52,22.59,P,5.21,weak,trotting,0.3449,17.52,22.59
37.31,C,-73,11.09,Far,17.52,22.59,P,5.21,weak,trotting,0.3449,17.52,22.59
38.31,A,-86,28.04,Far,17.80,20.11,P,3.05,weak,trotting,0.1600,17.80,20.11
38.31,B,-85,30.08,Far,17.80,20.11,P,3.05,weak,trotting,0.1600,17.80,20.11
38.31,C,-76,10.79,Far,17.80,20.11,P,3.05,weak,trotting,0.1600,17.80,20.11
39.31,A,-86,28.30,Far,18.07,17.63,P,1.97,weak,trotting,0.4482,18.07,17.63
39.31,B,-87,30.46,Far,18.07,17.63,P,1.97,weak,trotting,0.4482,18.07,17.63
39.31,C,-77,10.70,Far,18.07,17.63,P,1.97,weak,trotting,0.4482,18.07,17.63
40.31,A,0,-1.00,Unknown,17.08,19.93,P,3.50,weak,trotting,0.6520,17.08,19.93
40.31,B,-89,31.28,Far,17.08,19.93,P,3.50,weak,trotting,0.6520,17.08,19.93
40.31,C,-71,9.34,Far,17.08,19.93,P,3.50,weak,trotting,0.6520,17.08,19.93
41.31,A,-90,31.18,Far,15.46,18.04,P,4.54,weak,trotting,0.5738,15.46,18.04
41.31,B,-87,31.59,Far,15.46,18.04,P,4.54,weak,trotting,0.5738,15.46,18.04
41.31,C,-73,8.78,Far,15.46,18.04,P,4.54,weak,trotting,0.5738,15.46,18.04
42.31,A,-87,31.51,Far,16.07,15.62,P,4.60,weak,trotting,0.3826,16.07,15.62
42.31,B,-90,32.57,Far,16.07,15.62,P,4.60,weak,trotting,0.3826,16.07,15.62
42.31,C,-74,8.49,Far,16.07,15.62,P,4.60,weak,trotting,0.3826,16.07,15.62
43.31,A,-89,32.31,Far,16.68,13.19,P,5.84,weak,trotting,0.5515,16.68,13.19
43.31,B,-88,33.07,Far,16.68,13.19,P,5.84,weak,trotting,0.5515,16.68,13.19
43.31,C,-65,6.24,Far,16.68,13.19,P,5.84,weak,trotting,0.5515,16.68,13.19
44.31,A,-86,32.26,Far,17.29,10.77,F,5.49,weak,trotting,0.3163,17.29,10.77
44.31,B,-87,33.27,Far,17.29,10.77,F,5.49,weak,trotting,0.3163,17.29,10.77
44.31,C,-52,2.18,Far,17.29,10.77,F,5.49,weak,trotting,0.3163,17.29,10.77
45.31,A,-79,28.97,Far,17.90,8.34,F,3.15,weak,trotting,0.0259,17.90,8.34
45.31,B,-89,33.97,Far,17.90,8.34,F,3.15,weak,trotting,0.0259,17.90,8.34
45.31,C,-51,1.16,Near,17.90,8.34,F,3.15,weak,trotting,0.0259,17.90,8.34
46.30,A,-79,26.48,Far,18.51,5.93,F,1.50,weak,trotting,0.4066,18.51,5.93
46.30,B,-88,34.39,Far,18.51,5.93,F,1.50,weak,trotting,0.4066,18.51,5.93
46.30,C,-53,0.85,Near,18.51,5.93,F,1.50,weak,trotting,0.4066,18.51,5.93
47.31,A,-80,24.96,Far,19.12,3.50,F,2.65,weak,trotting,0.6064,19.12,3.50
47.31,B,-88,34.79,Far,19.12,3.50,F,2.65,weak,trotting,0.6064,19.12,3.50
47.31,C,-60,0.92,Near,19.12,3.50,F,2.65,weak,trotting,0.6064,19.12,3.50
48.31,A,-77,22.39,Far,16.66,3.05,F,4.46,weak,trotting,0.2628,16.66,3.05
48.31,B,-88,35.16,Far,16.66,3.05,F,4.46,weak,trotting,0.2628,16.66,3.05
48.31,C,-72,1.27,Far,16.66,3.05,F,4.46,weak,trotting,0.2628,16.66,3.05
49.31,A,-77,20.42,Far,14.20,2.60,A,4.94,weak,trotting,0.7561,14.20,2.60
49.31,B,-86,34.88,Far,14.20,2.60,A,4.94,weak,trotting,0.7561,14.20,2.60
49.31,C,-75,1.73,Far,14.20,2.60,A,4.94,weak,trotting,0.7561,14.20,2.60
50.30,A,-78,19.21,Far,16.48,1.58,F,5.65,weak,trotting,0.0218,16.48,1.58
50.30,B,-84,33.87,Far,16.48,1.58,F,5.65,weak,trotting,0.0218,16.48,1.58
50.30,C,-75,2.25,Far,16.48,1.58,F,5.65,weak,trotting,0.0218,16.48,1.58
51.30,A,-79,18.47,Far,16.63,4.07,F,3.88,weak,trotting,0.4508,16.63,4.07
51.30,B,-87,34.00,Far,16.63,4.07,F,3.88,weak,trotting,0.4508,16.63,4.07
51.30,C,-72,2.67,Far,16.63,4.07,F,3.88,weak,trotting,0.4508,16.63,4.07
52.31,A,-81,18.31,Far,16.78,6.57,F,3.27,weak,trotting,0.8450,16.78,6.57
52.31,B,-87,34.13,Far,16.78,6.57,F,3.27,weak,trotting,0.8450,16.78,6.57
52.31,C,-75,3.20,Far,16.78,6.57,F,3.27,weak,trotting,0.8450,16.78,6.57
53.31,A,-83,18.55,Far,16.93,9.07,F,4.34,weak,trotting,0.0829,16.93,9.07
53.31,B,-88,34.53,Far,16.93,9.07,F,4.34,weak,trotting,0.0829,16.93,9.07
53.31,C,-78,3.85,Far,16.93,9.07,F,4.34,weak,trotting,0.0829,16.93,9.07
54.31,A,-86,19.23,Far,17.08,11.57,F,6.29,weak,trotting,0.3757,17.08,11.57
54.31,B,-91,35.59,Far,17.08,11.57,F,6.29,weak,trotting,0.3757,17.08,11.57
54.31,C,-80,4.59,Far,17.08,11.57,F,6.29,weak,trotting,0.3757,17.08,11.57
55.31,A,-81,18.98,Far,17.23,14.07,P,4.81,weak,trotting,0.6024,17.23,14.07
55.31,B,-87,35.61,Far,17.23,14.07,P,4.81,weak,trotting,0.6024,17.23,14.07
55.31,C,-77,5.16,Far,17.23,14.07,P,4.81,weak,trotting,0.6024,17.23,14.07
56.30,A,-83,19.18,Far,17.38,16.54,P,3.00,weak,trotting,0.0077,17.38,16.54
56.30,B,-87,35.64,Far,17.38,16.54,P,3.00,weak,trotting,0.0077,17.38,16.54
56.30,C,-75,5.52,Far,17.38,16.54,P,3.00,weak,trotting,0.0077,17.38,16.54
57.31,A,-88,20.12,Far,17.53,19.05,P,2.68,weak,trotting,0.6052,17.53,19.05
57.31,B,-84,34.55,Far,17.53,19.05,P,2.68,weak,trotting,0.6052,17.53,19.05
57.31,C,-74,5.72,Far,17.53,19.05,P,2.68,weak,trotting,0.6052,17.53,19.05
58.31,A,-83,20.24,Far,16.55,21.35,P,4.81,weak,trotting,0.0131,16.55,21.35
58.31,B,-82,32.69,Far,16.55,21.35,P,4.81,weak,trotting,0.0131,16.55,21.35
58.31,C,-78,6.26,Far,16.55,21.35,P,4.81,weak,trotting,0.0131,16.55,21.35
59.31,A,-85,20.74,Far,15.57,23.65,P,7.18,weak,trotting,0.5870,15.57,23.65
59.31,B,-87,32.89,Far,15.57,23.65,P,7.18,weak,trotting,0.5870,15.57,23.65
59.31,C,-81,7.01,Far,15.57,23.65,P,7.18,weak,trotting,0.5870,15.57,23.65
60.31,A,-86,21.39,Far,14.58,25.95,X,6.12,weak,trotting,0.4401,14.58,25.95
60.31,B,-84,32.13,Far,14.58,25.95,X,6.12,weak,trotting,0.4401,14.58,25.95
60.31,C,-75,7.12,Far,14.58,25.95,X,6.12,weak,trotting,0.4401,14.58,25.95
61.30,A,-87,22.18,Far,14.97,28.41,X,5.22,weak,trotting,0.9831,14.97,28.41
61.30,B,-88,32.61,Far,14.97,28.41,X,5.22,weak,trotting,0.9831,14.97,28.41
61.30,C,-73,6.91,Far,14.97,28.41,X,5.22,weak,trotting,0.9831,14.97,28.41
62.31,A,-86,22.78,Far,15.41,25.93,B,6.13,weak,trotting,0.7547,15.41,25.93
62.31,B,-89,33.30,Far,15.41,25.93,B,6.13,weak,trotting,0.7547,15.41,25.93
62.31,C,-70,6.24,Far,15.41,25.93,B,6.13,weak,trotting,0.7547,15.41,25.93
63.31,A,-81,22.08,Far,13.98,27.98,X,4.46,weak,trotting,0.3388,13.98,27.98
63.31,B,0,-1.00,Unknown,13.98,27.98,X,4.46,weak,trotting,0.3388,13.98,27.98
63.31,C,-76,6.54,Far,13.98,27.98,X,4.46,weak,trotting,0.3388,13.98,27.98
64.31,A,-81,21.47,Far,14.45,30.45,X,4.47,weak,trotting,0.6942,14.45,30.45
64.31,B,-89,35.00,Far,14.45,30.45,X,4.47,weak,trotting,0.6942,14.45,30.45
64.31,C,-75,6.70,Far,14.45,30.45,X,4.47,weak,trotting,0.6942,14.45,30.45
65.31,A,-86,22.09,Far,14.89,28.00,X,5.29,weak,trotting,0.6588,14.89,28.00
65.31,B,-88,35.36,Far,14.89,28.00,X,5.29,weak,trotting,0.6588,14.89,28.00
65.31,C,-74,6.71,Far,14.89,28.00,X,5.29,weak,trotting,0.6588,14.89,28.00
66.30,A,-83,22.04,Far,15.34,25.55,B,6.45,weak,trotting,0.1824,15.34,25.55
66.30,B,-90,36.18,Far,15.34,25.55,B,6.45,weak,trotting,0.1824,15.34,25.55
66.30,C,-74,6.73,Far,15.34,25.55,B,6.45,weak,trotting,0.1824,15.34,25.55
67.31,A,-82,21.74,Far,15.79,23.08,P,6.60,weak,trotting,0.9350,15.79,23.08
67.31,B,-89,36.74,Far,15.79,23.08,P,6.60,weak,trotting,0.9350,15.79,23.08
67.31,C,-75,6.86,Far,15.79,23.08,P,6.60,weak,trotting,0.9350,15.79,23.08
68.31,A,-82,21.47,Far,16.07,25.57,B,5.92,weak,trotting,0.9159,16.07,25.57
68.31,B,-87,36.68,Far,16.07,25.57,B,5.92,weak,trotting,0.9159,16.07,25.57
68.31,C,-78,7.30,Far,16.07,25.57,B,5.92,weak,trotting,0.9159,16.07,25.57
69.31,A,-80,20.64,Far,16.36,28.05,B,4.13,weak,trotting,0.5538,16.36,28.05
69.31,B,-89,37.22,Far,16.36,28.05,B,4.13,weak,trotting,0.5538,16.36,28.05
69.31,C,-84,8.14,Far,16.36,28.05,B,4.13,weak,trotting,0.5538,16.36,28.05
70.31,A,-83,20.72,Far,15.21,30.28,B,4.79,weak,trotting,0.2468,15.21,30.28
70.31,B,-88,37.45,Far,15.21,30.28,B,4.79,weak,trotting,0.2468,15.21,30.28
70.31,C,-80,8.70,Far,15.21,30.28,B,4.79,weak,trotting,0.2468,15.21,30.28
71.30,A,-86,21.36,Far,15.61,32.73,B,5.17,weak,trotting,0.7719,15.61,32.73
71.30,B,-88,37.66,Far,15.61,32.73,B,5.17,weak,trotting,0.7719,15.61,32.73
71.30,C,-80,9.24,Far,15.61,32.73,B,5.17,weak,trotting,0.7719,15.61,32.73
72.31,A,-81,20.85,Far,16.01,35.21,B,6.56,weak,trotting,0.0880,16.01,35.21
72.31,B,-84,36.34,Far,16.01,35.21,B,6.56,weak,trotting,0.0880,16.01,35.21
72.31,C,-83,10.03,Far,16.01,35.21,B,6.56,weak,trotting,0.0880,16.01,35.21
73.31,A,-78,19.44,Far,13.76,34.12,X,5.58,weak,trotting,0.0255,13.76,34.12
73.31,B,0,-1.00,Unknown,13.76,34.12,X,5.58,weak,trotting,0.0255,13.76,34.12
73.31,C,-77,10.03,Far,13.76,34.12,X,5.58,weak,trotting,0.0255,13.76,34.12
74.31,A,-79,18.62,Far,13.75,34.14,X,5.58,weak,stationary,0.0092,13.75,34.14
74.31,B,-91,39.32,Far,13.75,34.14,X,5.58,weak,stationary,0.0092,13.75,34.14
74.31,C,-79,10.33,Far,13.75,34.14,X,5.58,weak,stationary,0.0092,13.75,34.14
75.31,A,-79,17.92,Far,13.75,34.15,X,5.60,weak,stationary,0.0231,13.75,34.15
75.31,B,-87,39.07,Far,13.75,34.15,X,5.60,weak,stationary,0.0231,13.75,34.15
75.31,C,-80,10.74,Far,13.75,34.15,X,5.60,weak,stationary,0.0231,13.75,34.15
76.31,A,-78,17.04,Far,13.75,34.14,X,5.59,weak,stationary,0.0133,13.75,34.14
76.31,B,-88,39.18,Far,13.75,34.14,X,5.59,weak,stationary,0.0133,13.75,34.14
76.31,C,-80,11.12,Far,13.75,34.14,X,5.59,weak,stationary,0.0133,13.75,34.14
76.31,E,-56,0.68,Near,13.75,34.14,X,5.59,weak,stationary,0.0133,13.75,34.14
77.31,A,-79,16.56,Far,14.20,31.69,X,4.53,weak,trotting,0.9891,14.20,31.69
77.31,B,-86,38.57,Far,14.20,31.69,X,4.53,weak,trotting,0.9891,14.20,31.69
77.31,C,-85,12.03,Far,14.20,31.69,X,4.53,weak,trotting,0.9891,14.20,31.69
77.31,E,-62,1.37,Near,14.20,31.69,X,4.53,weak,trotting,0.9891,14.20,31.69
78.31,A,-79,16.14,Far,14.65,29.22,X,4.72,weak,trotting,0.0861,14.65,29.22
78.31,B,-88,38.71,Far,14.65,29.22,X,4.72,weak,trotting,0.0861,14.65,29.22
78.31,C,-85,12.93,Far,14.65,29.22,X,4.72,weak,trotting,0.0861,14.65,29.22
78.31,E,-63,1.51,Near,14.65,29.22,X,4.72,weak,trotting,0.0861,14.65,29.22
79.32,A,-76,14.98,Far,15.11,26.75,B,5.88,weak,trotting,0.0221,15.11,26.75
79.32,B,-82,36.22,Far,15.11,26.75,B,5.88,weak,trotting,0.0221,15.11,26.75
79.32,C,-78,12.72,Far,15.11,26.75,B,5.88,weak,trotting,0.0221,15.11,26.75
79.32,E,-68,1.89,Near,15.11,26.75,B,5.88,weak,trotting,0.0221,15.11,26.75
80.32,A,-76,14.04,Far,15.11,26.73,B,5.88,weak,stationary,0.0143,15.11,26.73
80.32,B,-81,33.61,Far,15.11,26.73,B,5.88,weak,stationary,0.0143,15.11,26.73
80.32,C,-79,12.74,Far,15.11,26.73,B,5.88,weak,stationary,0.0143,15.11,26.73
80.32,E,-71,2.34,Far,15.11,26.73,B,5.88,weak,stationary,0.0143,15.11,26.73
81.31,A,-81,14.26,Far,15.11,26.72,B,5.89,weak,stationary,0.0032,15.11,26.72
81.31,B,-81,31.48,Far,15.11,26.72,B,5.89,weak,stationary,0.0032,15.11,26.72
81.31,C,-78,12.56,Far,15.11,26.72,B,5.89,weak,stationary,0.0032,15.11,26.72
81.31,E,-74,2.88,Far,15.11,26.72,B,5.89,weak,stationary,0.0032,15.11,26.72
82.31,A,-79,14.12,Far,15.11,26.70,B,5.89,weak,stationary,0.1511,15.11,26.70
82.31,B,-88,31.97,Far,15.11,26.70,B,5.89,weak,stationary,0.1511,15.11,26.70
82.31,C,-78,12.41,Far,15.11,26.70,B,5.89,weak,stationary,0.1511,15.11,26.70
82.31,E,-72,3.26,Far,15.11,26.70,B,5.89,weak,stationary,0.1511,15.11,26.70
83.31,A,-78,13.78,Far,15.12,26.69,B,5.90,weak,stationary,0.1930,15.12,26.69
83.31,B,-88,32.45,Far,15.12,26.69,B,5.90,weak,stationary,0.1930,15.12,26.69
83.31,C,-78,12.28,Far,15.12,26.69,B,5.90,weak,stationary,0.1930,15.12,26.69
83.31,E,-71,3.51,Far,15.12,26.69,B,5.90,weak,stationary,0.1930,15.12,26.69
84.31,A,-80,13.87,Far,15.12,26.67,B,5.91,weak,stationary,0.0768,15.12,26.67
84.31,B,-79,29.41,Far,15.12,26.67,B,5.91,weak,stationary,0.0768,15.12,26.67
84.31,C,-82,12.80,Far,15.12,26.67,B,5.91,weak,stationary,0.0768,15.12,26.67
84.31,E,-76,4.05,Far,15.12,26.67,B,5.91,weak,stationary,0.0768,15.12,26.67
85.31,A,-82,14.26,Far,15.23,26.08,B,6.17,weak,walking,0.0782,15.23,26.08
85.31,B,-83,28.69,Far,15.23,26.08,B,6.17,weak,walking,0.0782,15.23,26.08
85.31,C,-80,12.99,Far,15.23,26.08,B,6.17,weak,walking,0.0782,15.23,26.08
85.31,E,-74,4.43,Far,15.23,26.08,B,6.17,weak,walking,0.0782,15.23,26.08
86.30,A,-79,14.11,Far,15.34,25.50,B,6.48,weak,walking,0.0275,15.34,25.50
86.30,B,-84,28.35,Far,15.34,25.50,B,6.48,weak,walking,0.0275,15.34,25.50
86.30,C,-74,11.78,Far,15.34,25.50,B,6.48,weak,walking,0.0275,15.34,25.50
86.30,E,-70,4.36,Far,15.34,25.50,B,6.48,weak,walking,0.0275,15.34,25.50
87.31,A,-78,13.77,Far,15.79,23.03,P,6.56,weak,trotting,0.7033,15.79,23.03
87.31,B,-85,28.31,Far,15.79,23.03,P,6.56,weak,trotting,0.7033,15.79,23.03
87.31,C,-77,11.55,Far,15.79,23.03,P,6.56,weak,trotting,0.7033,15.79,23.03
87.31,E,-64,3.48,Far,15.79,23.03,P,6.56,weak,trotting,0.7033,15.79,23.03
88.31,A,-79,13.67,Far,16.24,20.57,P,4.56,weak,trotting,0.2295,16.24,20.57
88.31,B,-80,26.55,Far,16.24,20.57,P,4.56,weak,trotting,0.2295,16.24,20.57
88.31,C,-78,11.53,Far,16.24,20.57,P,4.56,weak,trotting,0.2295,16.24,20.57
88.31,E,-63,2.87,Far,16.24,20.57,P,4.56,weak,trotting,0.2295,16.24,20.57
89.31,A,-81,13.94,Far,16.69,18.11,P,3.31,weak,trotting,0.3834,16.69,18.11
89.31,B,-77,23.71,Far,16.69,18.11,P,3.31,weak,trotting,0.3834,16.69,18.11
89.31,C,-78,11.51,Far,16.69,18.11,P,3.31,weak,trotting,0.3834,16.69,18.11
89.31,E,-69,2.99,Far,16.69,18.11,P,3.31,weak,trotting,0.3834,16.69,18.11
90.31,A,-79,13.82,Far,17.14,15.65,P,3.70,weak,trotting,0.6116,17.14,15.65
90.31,B,-80,22.68,Far,17.14,15.65,P,3.70,weak,trotting,0.6116,17.14,15.65
90.31,C,-78,11.49,Far,17.14,15.65,P,3.70,weak,trotting,0.6116,17.14,15.65
90.31,E,-66,2.86,Far,17.14,15.65,P,3.70,weak,trotting,0.6116,17.14,15.65
91.31,A,-77,13.29,Far,15.30,13.97,P,6.19,weak,trotting,0.6432,15.30,13.97
91.31,B,-81,22.08,Far,15.30,13.97,P,6.19,weak,trotting,0.6432,15.30,13.97
91.31,C,-80,11.79,Far,15.30,13.97,P,6.19,weak,trotting,0.6432,15.30,13.97
91.31,E,-69,2.99,Far,15.30,13.97,P,6.19,weak,trotting,0.6432,15.30,13.97
92.31,A,-79,13.25,Far,13.44,12.28,L,6.68,weak,trotting,0.2957,13.44,12.28
92.31,B,-84,22.25,Far,13.44,12.28,L,6.68,weak,trotting,0.2957,13.44,12.28
92.31,C,-82,12.32,Far,13.44,12.28,L,6.68,weak,trotting,0.2957,13.44,12.28
92.31,E,-73,3.35,Far,13.44,12.28,L,6.68,weak,trotting,0.2957,13.44,12.28
93.31,A,-84,13.93,Far,11.60,10.59,D,4.86,weak,trotting,0.3537,11.60,10.59
93.31,B,-87,22.93,Far,11.60,10.59,D,4.86,weak,trotting,0.3537,11.60,10.59
93.31,C,-78,12.20,Far,11.60,10.59,D,4.86,weak,trotting,0.3537,11.60,10.59
93.31,E,-71,3.56,Far,11.60,10.59,D,4.86,weak,trotting,0.3537,11.60,10.59
94.31,A,-84,14.60,Far,13.15,8.63,D,4.11,weak,trotting,0.8722,13.15,8.63
94.31,B,-83,22.82,Far,13.15,8.63,D,4.11,weak,trotting,0.8722,13.15,8.63
94.31,C,-79,12.28,Far,13.15,8.63,D,4.11,weak,trotting,0.8722,13.15,8.63
94.31,E,-71,3.74,Far,13.15,8.63,D,4.11,weak,trotting,0.8722,13.15,8.63
95.31,A,-76,13.65,Far,12.53,11.06,D,5.66,weak,trotting,0.8914,12.53,11.06
95.31,B,-90,23.90,Far,12.53,11.06,D,5.66,weak,trotting,0.8914,12.53,11.06
95.31,C,-86,13.20,Far,12.53,11.06,D,5.66,weak,trotting,0.8914,12.53,11.06
95.31,E,-69,3.71,Far,12.53,11.06,D,5.66,weak,trotting,0.8914,12.53,11.06
96.31,A,-75,12.62,Far,11.91,13.47,L,4.92,weak,trotting,1.1196,11.91,13.47
96.31,B,-93,25.30,Far,11.91,13.47,L,4.92,weak,trotting,1.1196,11.91,13.47
96.31,C,-83,13.80,Far,11.91,13.47,L,4.92,weak,trotting,1.1196,11.91,13.47
96.31,E,-70,3.78,Far,11.91,13.47,L,4.92,weak,trotting,1.1196,11.91,13.47
97.31,A,-75,11.83,Far,11.29,15.90,L,2.46,weak,trotting,0.5128,11.29,15.90
97.31,B,0,-1.00,Unknown,11.29,15.90,L,2.46,weak,trotting,0.5128,11.29,15.90
97.31,C,-78,13.48,Far,11.29,15.90,L,2.46,weak,trotting,0.5128,11.29,15.90
97.31,E,-71,3.92,Far,11.29,15.90,L,2.46,weak,trotting,0.5128,11.29,15.90
98.31,A,-77,11.60,Far,10.67,18.32,L,0.74,weak,trotting,0.0230,10.67,18.32
98.31,B,0,-1.00,Unknown,10.67,18.32,L,0.74,weak,trotting,0.0230,10.67,18.32
98.31,C,-80,13.60,Far,10.67,18.32,L,0.74,weak,trotting,0.0230,10.67,18.32
98.31,E,-79,4.53,Far,10.67,18.32,L,0.74,weak,trotting,0.0230,10.67,18.32
99.31,A,-78,11.57,Far,10.05,20.75,L,2.75,weak,trotting,0.5059,10.05,20.75
99.31,B,-84,26.59,Far,10.05,20.75,L,2.75,weak,trotting,0.5059,10.05,20.75
99.31,C,-83,14.18,Far,10.05,20.75,L,2.75,weak,trotting,0.5059,10.05,20.75
99.31,E,-73,4.75,Far,10.05,20.75,L,2.75,weak,trotting,0.5059,10.05,20.75
100.31,A,-78,11.55,Far,10.66,23.17,L,5.21,weak,trotting,0.3663,10.66,23.17
100.31,B,-89,27.69,Far,10.66,23.17,L,5.21,weak,trotting,0.3663,10.66,23.17
100.31,C,-81,14.41,Far,10.66,23.17,L,5.21,weak,trotting,0.3663,10.66,23.17
100.31,E,-69,4.49,Far,10.66,23.17,L,5.21,weak,trotting,0.3663,10.66,23.17
101.31,A,-78,11.53,Far,11.28,25.58,X,4.60,weak,trotting,0.2227,11.28,25.58
101.31,B,-93,29.39,Far,11.28,25.58,X,4.60,weak,trotting,0.2227,11.28,25.58
101.31,C,-82,14.80,Far,11.28,25.58,X,4.60,weak,trotting,0.2227,11.28,25.58
101.31,E,-58,2.57,Far,11.28,25.58,X,4.60,weak,trotting,0.2227,11.28,25.58
102.31,A,-81,11.94,Far,11.89,28.02,X,2.74,weak,trotting,0.2198,11.89,28.02
102.31,B,-85,29.25,Far,11.89,28.02,X,2.74,weak,trotting,0.2198,11.89,28.02
102.31,C,-79,14.57,Far,11.89,28.02,X,2.74,weak,trotting,0.2198,11.89,28.02
102.31,E,-57,1.75,Near,11.89,28.02,X,2.74,weak,trotting,0.2198,11.89,28.02
103.31,A,-81,12.34,Far,11.69,28.58,X,2.20,weak,walking,0.0891,11.69,28.58
103.31,B,-80,26.95,Far,11.69,28.58,X,2.20,weak,walking,0.0891,11.69,28.58
103.31,C,-77,13.89,Far,11.69,28.58,X,2.20,weak,walking,0.0891,11.69,28.58
103.31,E,-60,1.56,Near,11.69,28.58,X,2.20,weak,walking,0.0891,11.69,28.58
104.31,A,-81,12.71,Far,11.48,29.15,X,1.71,weak,walking,0.0118,11.48,29.15
104.31,B,-81,25.62,Far,11.48,29.15,X,1.71,weak,walking,0.0118,11.48,29.15
104.31,C,-78,13.57,Far,11.48,29.15,X,1.71,weak,walking,0.0118,11.48,29.15
104.31,E,-74,1.94,Near,11.48,29.15,X,1.71,weak,walking,0.0118,11.48,29.15
105.31,A,-82,13.20,Far,11.48,29.16,X,1.70,weak,stationary,0.0050,11.48,29.16
105.31,B,-89,26.62,Far,11.48,29.16,X,1.70,weak,stationary,0.0050,11.48,29.16
105.31,C,-87,14.54,Far,11.48,29.16,X,1.70,weak,stationary,0.0050,11.48,29.16
105.31,E,-79,2.48,Far,11.48,29.16,X,1.70,weak,stationary,0.0050,11.48,29.16
106.31,A,-81,13.52,Far,11.47,29.17,X,1.69,weak,stationary,0.0009,11.47,29.17
106.31,B,-89,27.59,Far,11.47,29.17,X,1.69,weak,stationary,0.0009,11.47,29.17
106.31,C,0,-1.00,Unknown,11.47,29.17,X,1.69,weak,stationary,0.0009,11.47,29.17
106.31,E,-82,3.16,Far,11.47,29.17,X,1.69,weak,stationary,0.0009,11.47,29.17
107.32,A,-82,13.96,Far,11.48,29.19,X,1.69,weak,stationary,0.0031,11.48,29.19
107.32,B,-84,27.31,Far,11.48,29.19,X,1.69,weak,stationary,0.0031,11.48,29.19
107.32,C,-91,17.35,Far,11.48,29.19,X,1.69,weak,stationary,0.0031,11.48,29.19
107.32,E,-84,3.96,Far,11.48,29.19,X,1.69,weak,stationary,0.0031,11.48,29.19
108.31,A,-82,14.38,Far,11.48,29.20,X,1.68,weak,stationary,0.0031,11.48,29.20
108.31,B,-87,27.85,Far,11.48,29.20,X,1.68,weak,stationary,0.0031,11.48,29.20
108.31,C,-84,17.88,Far,11.48,29.20,X,1.68,weak,stationary,0.0031,11.48,29.20
108.31,E,-86,4.88,Far,11.48,29.20,X,1.68,weak,stationary,0.0031,11.48,29.20
109.31,A,-81,14.60,Far,11.49,29.22,X,1.68,weak,stationary,0.0013,11.49,29.22
109.31,B,0,-1.00,Unknown,11.49,29.22,X,1.68,weak,stationary,0.0013,11.49,29.22
109.31,C,-90,19.17,Far,11.49,29.22,X,1.68,weak,stationary,0.0013,11.49,29.22
109.31,E,-86,5.89,Far,11.49,29.22,X,1.68,weak,stationary,0.0013,11.49,29.22
110.31,A,-80,14.61,Far,11.49,29.23,X,1.68,weak,stationary,0.0031,11.49,29.23
110.31,B,-92,30.63,Far,11.49,29.23,X,1.68,weak,stationary,0.0031,11.49,29.23
110.31,C,-83,19.38,Far,11.49,29.23,X,1.68,weak,stationary,0.0031,11.49,29.23
110.31,E,-84,6.87,Far,11.49,29.23,X,1.68,weak,stationary,0.0031,11.49,29.23
111.32,A,-81,14.80,Far,11.49,29.25,X,1.67,weak,stationary,0.0010,11.49,29.25
111.32,B,-87,30.99,Far,11.49,29.25,X,1.67,weak,stationary,0.0010,11.49,29.25
111.32,C,-83,19.57,Far,11.49,29.25,X,1.67,weak,stationary,0.0010,11.49,29.25
111.32,E,-83,7.80,Far,11.49,29.25,X,1.67,weak,stationary,0.0010,11.49,29.25
112.32,A,-81,14.98,Far,11.50,29.26,X,1.67,weak,stationary,0.0042,11.50,29.26
112.32,B,-92,32.36,Far,11.50,29.26,X,1.67,weak,stationary,0.0042,11.50,29.26
112.32,C,-85,20.15,Far,11.50,29.26,X,1.67,weak,stationary,0.0042,11.50,29.26
112.32,E,-83,8.72,Far,11.50,29.26,X,1.67,weak,stationary,0.0042,11.50,29.26
113.31,A,-82,15.32,Far,11.50,29.27,X,1.67,weak,stationary,0.0020,11.50,29.27
113.31,B,-89,33.13,Far,11.50,29.27,X,1.67,weak,stationary,0.0020,11.50,29.27
113.31,C,-87,21.03,Far,11.50,29.27,X,1.67,weak,stationary,0.0020,11.50,29.27
113.31,E,-82,9.53,Far,11.50,29.27,X,1.67,weak,stationary,0.0020,11.50,29.27
114.31,A,-79,15.03,Far,11.51,29.29,X,1.67,weak,stationary,0.0385,11.51,29.29
114.31,B,-82,31.35,Far,11.51,29.29,X,1.67,weak,stationary,0.0385,11.51,29.29
114.31,C,-88,22.03,Far,11.51,29.29,X,1.67,weak,stationary,0.0385,11.51,29.29
114.31,E,-75,9.21,Far,11.51,29.29,X,1.67,weak,stationary,0.0385,11.51,29.29
115.31,A,-78,14.54,Far,11.51,29.30,X,1.66,weak,stationary,0.0246,11.51,29.30
115.31,B,-81,29.41,Far,11.51,29.30,X,1.66,weak,stationary,0.0246,11.51,29.30
115.31,C,-82,21.71,Far,11.51,29.30,X,1.66,weak,stationary,0.0246,11.51,29.30
115.31,E,-71,8.07,Far,11.51,29.30,X,1.66,weak,stationary,0.0246,11.51,29.30
116.31,A,-79,14.35,Far,11.51,29.32,X,1.66,weak,stationary,0.1376,11.51,29.32
116.31,B,-78,26.28,Far,11.51,29.32,X,1.66,weak,stationary,0.1376,11.51,29.32
116.31,C,-77,19.61,Far,11.51,29.32,X,1.66,weak,stationary,0.1376,11.51,29.32
116.31,E,-72,7.50,Far,11.51,29.32,X,1.66,weak,stationary,0.1376,11.51,29.32
117.31,A,-85,15.11,Far,10.63,31.67,X,1.78,weak,trotting,0.6359,10.63,31.67
117.31,B,-79,24.37,Far,10.63,31.67,X,1.78,weak,trotting,0.6359,10.63,31.67
117.31,C,-78,18.40,Far,10.63,31.67,X,1.78,weak,trotting,0.6359,10.63,31.67
117.31,E,-75,7.54,Far,10.63,31.67,X,1.78,weak,trotting,0.6359,10.63,31.67
118.32,A,-81,15.26,Far,11.42,34.05,X,4.29,weak,trotting,0.2158,11.42,34.05
118.32,B,-81,23.54,Far,11.42,34.05,X,4.29,weak,trotting,0.2158,11.42,34.05
118.32,C,-87,19.26,Far,11.42,34.05,X,4.29,weak,trotting,0.2158,11.42,34.05
118.32,E,-75,7.57,Far,11.42,34.05,X,4.29,weak,trotting,0.2158,11.42,34.05
119.32,A,-80,15.20,Far,12.20,36.42,I,6.00,weak,trotting,0.1788,12.20,36.42
119.32,B,-79,22.13,Far,12.20,36.42,I,6.00,weak,trotting,0.1788,12.20,36.42
119.32,C,-83,19.44,Far,12.20,36.42,I,6.00,weak,trotting,0.1788,12.20,36.42
119.32,E,-72,7.13,Far,12.20,36.42,I,6.00,weak,trotting,0.1788,12.20,36.42
120.31,A,-77,14.43,Far,12.99,38.79,I,4.38,weak,trotting,0.6214,12.99,38.79
120.31,B,-79,20.96,Far,12.99,38.79,I,4.38,weak,trotting,0.6214,12.99,38.79
120.31,C,-82,19.40,Far,12.99,38.79,I,4.38,weak,trotting,0.6214,12.99,38.79
120.31,E,-73,6.94,Far,12.99,38.79,I,4.38,weak,trotting,0.6214,12.99,38.79
121.32,A,-76,13.53,Far,13.77,41.17,I,3.86,weak,trotting,0.1216,13.77,41.17
121.32,B,-76,18.87,Far,13.77,41.17,I,3.86,weak,trotting,0.1216,13.77,41.17
121.32,C,-84,19.77,Far,13.77,41.17,I,3.86,weak,trotting,0.1216,13.77,41.17
121.32,E,-80,7.51,Far,13.77,41.17,I,3.86,weak,trotting,0.1216,13.77,41.17
122.31,A,-77,13.05,Far,14.55,43.53,I,4.80,weak,trotting,0.3824,14.55,43.53
122.31,B,-79,18.19,Far,14.55,43.53,I,4.80,weak,trotting,0.3824,14.55,43.53
122.31,C,-85,20.31,Far,14.55,43.53,I,4.80,weak,trotting,0.3824,14.55,43.53
122.31,E,-82,8.22,Far,14.55,43.53,I,4.80,weak,trotting,0.3824,14.55,43.53
123.31,A,-84,13.73,Far,15.34,45.91,R,6.08,weak,trotting,0.5498,15.34,45.91
123.31,B,-80,17.83,Far,15.34,45.91,R,6.08,weak,trotting,0.5498,15.34,45.91
123.31,C,-85,20.82,Far,15.34,45.91,R,6.08,weak,trotting,0.5498,15.34,45.91
123.31,E,-78,8.55,Far,15.34,45.91,R,6.08,weak,trotting,0.5498,15.34,45.91
124.31,A,-81,13.99,Far,16.12,48.27,M,6.92,weak,trotting,0.1779,16.12,48.27
124.31,B,-78,17.00,Far,16.12,48.27,M,6.92,weak,trotting,0.1779,16.12,48.27
124.31,C,-86,21.48,Far,16.12,48.27,M,6.92,weak,trotting,0.1779,16.12,48.27
124.31,E,-79,8.97,Far,16.12,48.27,M,6.92,weak,trotting,0.1779,16.12,48.27
125.31,A,-79,13.87,Far,16.91,50.64,M,4.56,weak,trotting,0.3883,16.91,50.64
125.31,B,-81,16.97,Far,16.91,50.64,M,4.56,weak,trotting,0.3883,16.91,50.64
125.31,C,-88,22.42,Far,16.91,50.64,M,4.56,weak,trotting,0.3883,16.91,50.64
125.31,E,-80,9.48,Far,16.91,50.64,M,4.56,weak,trotting,0.3883,16.91,50.64
126.31,A,-75,12.80,Far,16.38,50.93,M,4.74,weak,walking,0.3457,16.38,50.93
126.31,B,-85,17.58,Far,16.38,50.93,M,4.74,weak,walking,0.3457,16.38,50.93
126.31,C,-91,23.74,Far,16.38,50.93,M,4.74,weak,walking,0.3457,16.38,50.93
126.31,E,-82,10.16,Far,16.38,50.93,M,4.74,weak,walking,0.3457,16.38,50.93
127.31,A,-79,12.81,Far,14.19,52.15,G,4.58,weak,trotting,0.0836,14.19,52.15
127.31,B,-90,18.71,Far,14.19,52.15,G,4.58,weak,trotting,0.0836,14.19,52.15
127.31,C,-84,23.80,Far,14.19,52.15,G,4.58,weak,trotting,0.0836,14.19,52.15
127.31,E,-81,10.71,Far,14.19,52.15,G,4.58,weak,trotting,0.0836,14.19,52.15
128.31,A,-78,12.64,Far,15.68,54.16,M,4.32,weak,trotting,0.6461,15.68,54.16
128.31,B,-89,19.77,Far,15.68,54.16,M,4.32,weak,trotting,0.6461,15.68,54.16
128.31,C,-85,24.11,Far,15.68,54.16,M,4.32,weak,trotting,0.6461,15.68,54.16
128.31,E,-81,11.23,Far,15.68,54.16,M,4.32,weak,trotting,0.6461,15.68,54.16
129.31,A,-77,12.29,Far,17.17,56.17,M,3.57,weak,trotting,0.6859,17.17,56.17
129.31,B,0,-1.00,Unknown,17.17,56.17,M,3.57,weak,trotting,0.6859,17.17,56.17
129.31,C,-82,23.56,Far,17.17,56.17,M,3.57,weak,trotting,0.6859,17.17,56.17
129.31,E,-87,12.30,Far,17.17,56.17,M,3.57,weak,trotting,0.6859,17.17,56.17
130.31,A,-72,10.73,Far,14.72,56.72,G,5.44,weak,trotting,0.2920,14.72,56.72
130.31,B,-89,22.41,Far,14.72,56.72,G,5.44,weak,trotting,0.2920,14.72,56.72
130.31,C,-85,23.87,Far,14.72,56.72,G,5.44,weak,trotting,0.2920,14.72,56.72
130.31,E,-83,12.98,Far,14.72,56.72,G,5.44,weak,trotting,0.2920,14.72,56.72
131.31,A,-75,10.29,Far,12.28,57.26,C,3.57,weak,trotting,0.4736,12.28,57.26
131.31,B,-88,23.34,Far,12.28,57.26,C,3.57,weak,trotting,0.4736,12.28,57.26
131.31,C,-83,23.65,Far,12.28,57.26,C,3.57,weak,trotting,0.4736,12.28,57.26
131.31,E,-79,12.98,Far,12.28,57.26,C,3.57,weak,trotting,0.4736,12.28,57.26
132.31,A,-74,9.72,Far,9.84,57.80,C,2.20,weak,trotting,0.6584,9.84,57.80
132.31,B,-89,24.41,Far,9.84,57.80,C,2.20,weak,trotting,0.6584,9.84,57.80
132.31,C,-83,23.46,Far,9.84,57.80,C,2.20,weak,trotting,0.6584,9.84,57.80
132.31,E,-80,13.16,Far,9.84,57.80,C,2.20,weak,trotting,0.6584,9.84,57.80
133.31,A,-74,9.26,Far,12.28,58.33,C,2.83,weak,trotting,0.0037,12.28,58.33
133.31,B,-89,25.46,Far,12.28,58.33,C,2.83,weak,trotting,0.0037,12.28,58.33
133.31,C,-84,23.54,Far,12.28,58.33,C,2.83,weak,trotting,0.0037,12.28,58.33
133.31,E,-79,13.13,Far,12.28,58.33,C,2.83,weak,trotting,0.0037,12.28,58.33
134.32,A,-76,9.21,Far,12.61,55.85,G,3.20,weak,trotting,0.5095,12.61,55.85
134.32,B,0,-1.00,Unknown,12.61,55.85,G,3.20,weak,trotting,0.5095,12.61,55.85
134.32,C,-85,23.85,Far,12.61,55.85,G,3.20,weak,trotting,0.5095,12.61,55.85
134.32,E,-78,12.90,Far,12.61,55.85,G,3.20,weak,trotting,0.5095,12.61,55.85
135.31,A,-72,8.44,Far,14.78,57.07,C,5.61,weak,trotting,0.5859,14.78,57.07
135.31,B,-86,27.25,Far,14.78,57.07,C,5.61,weak,trotting,0.5859,14.78,57.07
135.31,C,-84,23.90,Far,14.78,57.07,C,5.61,weak,trotting,0.5859,14.78,57.07
135.31,E,-79,12.90,Far,14.78,57.07,C,5.61,weak,trotting,0.5859,14.78,57.07
136.31,A,-66,6.47,Far,15.01,54.58,M,5.03,weak,trotting,0.0719,15.01,54.58
136.31,B,-87,27.81,Far,15.01,54.58,M,5.03,weak,trotting,0.0719,15.01,54.58
136.31,C,-85,24.19,Far,15.01,54.58,M,5.03,weak,trotting,0.0719,15.01,54.58
136.31,E,0,-1.00,Unknown,15.01,54.58,M,5.03,weak,trotting,0.0719,15.01,54.58
137.31,A,-65,5.12,Far,16.70,56.42,M,4.09,weak,trotting,0.5291,16.70,56.42
137.31,B,-86,28.08,Far,16.70,56.42,M,4.09,weak,trotting,0.5291,16.70,56.42
137.31,C,-85,24.45,Far,16.70,56.42,M,4.09,weak,trotting,0.5291,16.70,56.42
137.31,E,0,-1.00,Unknown,16.70,56.42,M,4.09,weak,trotting,0.5291,16.70,56.42
138.31,A,-58,3.04,Near,18.35,58.21,M,4.52,weak,trotting,0.6850,18.35,58.21
138.31,B,-87,28.59,Far,18.35,58.21,M,4.52,weak,trotting,0.6850,18.35,58.21
138.31,C,-83,24.18,Far,18.35,58.21,M,4.52,weak,trotting,0.6850,18.35,58.21
138.31,E,0,-1.00,Unknown,18.35,58.21,M,4.52,weak,trotting,0.6850,18.35,58.21
139.31,A,-60,2.38,Near,17.74,55.79,M,2.88,weak,trotting,0.2114,17.74,55.79
139.31,B,0,-1.00,Unknown,17.74,55.79,M,2.88,weak,trotting,0.2114,17.74,55.79
139.31,C,-83,23.94,Far,17.74,55.79,M,2.88,weak,trotting,0.2114,17.74,55.79
139.31,E,0,-1.00,Unknown,17.74,55.79,M,2.88,weak,trotting,0.2114,17.74,55.79
140.31,A,-75,2.75,Far,18.87,57.89,M,4.05,weak,trotting,0.3845,18.87,57.89
140.31,B,-93,31.65,Far,18.87,57.89,M,4.05,weak,trotting,0.3845,18.87,57.89
140.31,C,-84,23.98,Far,18.87,57.89,M,4.05,weak,trotting,0.3845,18.87,57.89
140.31,E,0,-1.00,Unknown,18.87,57.89,M,4.05,weak,trotting,0.3845,18.87,57.89
141.31,A,-74,3.13,Far,18.21,55.48,M,2.32,weak,trotting,0.6924,18.21,55.48
141.31,B,0,-1.00,Unknown,18.21,55.48,M,2.32,weak,trotting,0.6924,18.21,55.48
141.31,C,-85,24.26,Far,18.21,55.48,M,2.32,weak,trotting,0.6924,18.21,55.48
141.31,E,0,-1.00,Unknown,18.21,55.48,M,2.32,weak,trotting,0.6924,18.21,55.48
142.31,A,-78,3.68,Far,19.11,57.74,M,3.85,weak,trotting,0.4044,19.11,57.74
142.31,B,-92,34.68,Far,19.11,57.74,M,3.85,weak,trotting,0.4044,19.11,57.74
142.31,C,-83,24.01,Far,19.11,57.74,M,3.85,weak,trotting,0.4044,19.11,57.74
142.31,E,0,-1.00,Unknown,19.11,57.74,M,3.85,weak,trotting,0.4044,19.11,57.74
143.31,A,-79,4.30,Far,16.63,58.03,M,5.26,weak,trotting,0.3593,16.63,58.03
143.31,B,-90,35.61,Far,16.63,58.03,M,5.26,weak,trotting,0.3593,16.63,58.03
143.31,C,-81,23.17,Far,16.63,58.03,M,5.26,weak,trotting,0.3593,16.63,58.03
143.31,E,0,-1.00,Unknown,16.63,58.03,M,5.26,weak,trotting,0.3593,16.63,58.03
144.31,A,-78,4.90,Far,14.15,58.33,C,4.47,weak,trotting,0.7002,14.15,58.33
144.31,B,-87,35.63,Far,14.15,58.33,C,4.47,weak,trotting,0.7002,14.15,58.33
144.31,C,-82,22.76,Far,14.15,58.33,C,4.47,weak,trotting,0.7002,14.15,58.33
144.31,E,0,-1.00,Unknown,14.15,58.33,C,4.47,weak,trotting,0.7002,14.15,58.33
145.31,A,-72,4.97,Far,11.66,58.62,C,2.16,weak,trotting,0.5185,11.66,58.62
145.31,B,-89,36.26,Far,11.66,58.62,C,2.16,weak,trotting,0.5185,11.66,58.62
145.31,C,-84,22.89,Far,11.66,58.62,C,2.16,weak,trotting,0.5185,11.66,58.62
146.31,A,-69,4.64,Far,9.18,58.91,C,1.36,weak,trotting,0.3472,9.18,58.91
146.31,B,-91,37.33,Far,9.18,58.91,C,1.36,weak,trotting,0.3472,9.18,58.91
146.31,C,-83,22.77,Far,9.18,58.91,C,1.36,weak,trotting,0.3472,9.18,58.91
147.31,A,-68,4.28,Far,6.70,59.21,C,3.39,weak,trotting,0.3584,6.70,59.21
147.31,B,-83,35.46,Far,6.70,59.21,C,3.39,weak,trotting,0.3584,6.70,59.21
147.31,C,-83,22.67,Far,6.70,59.21,C,3.39,weak,trotting,0.3584,6.70,59.21
148.31,A,-72,4.43,Far,9.20,59.36,C,1.03,weak,trotting,0.5885,9.20,59.36
148.31,B,-85,34.78,Far,9.20,59.36,C,1.03,weak,trotting,0.5885,9.20,59.36
148.31,C,-83,22.57,Far,9.20,59.36,C,1.03,weak,trotting,0.5885,9.20,59.36
149.31,A,-76,4.87,Far,6.70,59.53,C,3.33,weak,trotting,0.3028,6.70,59.53
149.31,B,-89,35.41,Far,6.70,59.53,C,3.33,weak,trotting,0.3028,6.70,59.53
149.31,C,-85,22.93,Far,6.70,59.53,C,3.33,weak,trotting,0.3028,6.70,59.53
150.31,A,-78,5.42,Far,9.20,59.62,C,0.89,weak,trotting,0.2168,9.20,59.62
150.31,B,-90,36.25,Far,9.20,59.62,C,0.89,weak,trotting,0.2168,9.20,59.62
150.31,C,-83,22.81,Far,9.20,59.62,C,0.89,weak,trotting,0.2168,9.20,59.62
151.30,A,-81,6.14,Far,11.69,59.71,C,1.71,weak,trotting,0.6710,11.69,59.71
151.30,B,-90,37.06,Far,11.69,59.71,C,1.71,weak,trotting,0.6710,11.69,59.71
151.30,C,-83,22.70,Far,11.69,59.71,C,1.71,weak,trotting,0.6710,11.69,59.71
152.31,A,-77,6.57,Far,14.20,59.80,C,4.21,weak,trotting,0.5842,14.20,59.80
152.31,B,-87,36.98,Far,14.20,59.80,C,4.21,weak,trotting,0.5842,14.20,59.80
152.31,C,-83,22.59,Far,14.20,59.80,C,4.21,weak,trotting,0.5842,14.20,59.80
153.31,A,-79,7.14,Far,14.44,57.30,C,5.20,weak,trotting,0.1739,14.44,57.30
153.31,B,-87,36.91,Far,14.44,57.30,C,5.20,weak,trotting,0.1739,14.44,57.30
153.31,C,-80,21.62,Far,14.44,57.30,C,5.20,weak,trotting,0.1739,14.44,57.30
154.31,A,-79,7.68,Far,14.68,54.83,G,4.76,weak,trotting,0.6719,14.68,54.83
154.31,B,-85,36.10,Far,14.68,54.83,G,4.76,weak,trotting,0.6719,14.68,54.83
154.31,C,-79,20.46,Far,14.68,54.83,G,4.76,weak,trotting,0.6719,14.68,54.83
155.31,A,-79,8.19,Far,14.03,52.41,G,4.34,weak,trotting,0.6059,14.03,52.41
155.31,B,-87,36.09,Far,14.03,52.41,G,4.34,weak,trotting,0.6059,14.03,52.41
155.31,C,-78,19.16,Far,14.03,52.41,G,4.34,weak,trotting,0.6059,14.03,52.41
156.31,A,-82,8.95,Far,14.32,49.92,G,5.94,weak,trotting,0.0491,14.32,49.92
156.31,B,-85,35.37,Far,14.32,49.92,G,5.94,weak,trotting,0.0491,14.32,49.92
156.31,C,-77,17.76,Far,14.32,49.92,G,5.94,weak,trotting,0.0491,14.32,49.92
157.31,A,-77,9.08,Far,13.63,47.52,I,6.60,weak,trotting,0.7742,13.63,47.52
157.31,B,-88,35.69,Far,13.63,47.52,I,6.60,weak,trotting,0.7742,13.63,47.52
157.31,C,-78,16.93,Far,13.63,47.52,I,6.60,weak,trotting,0.7742,13.63,47.52
158.31,A,-77,9.20,Far,12.94,45.12,I,4.29,weak,trotting,0.6347,12.94,45.12
158.31,B,-71,24.50,Far,12.94,45.12,I,4.29,weak,trotting,0.6347,12.94,45.12
158.31,C,-80,16.70,Far,12.94,45.12,I,4.29,weak,trotting,0.6347,12.94,45.12
159.31,A,-80,9.70,Far,12.25,42.72,I,2.36,weak,trotting,0.1191,12.25,42.72
159.31,B,-65,14.18,Far,12.25,42.72,I,2.36,weak,trotting,0.1191,12.25,42.72
159.31,C,-88,17.65,Far,12.25,42.72,I,2.36,weak,trotting,0.1191,12.25,42.72
160.31,A,-81,10.28,Far,10.80,44.76,I,2.87,weak,trotting,0.0983,10.80,44.76
160.31,B,-59,7.08,Near,10.80,44.76,I,2.87,weak,trotting,0.0983,10.80,44.76
160.31,C,-86,18.39,Far,10.80,44.76,I,2.87,weak,trotting,0.0983,10.80,44.76
161.31,A,-79,10.56,Far,12.09,46.90,I,5.33,weak,trotting,0.1229,12.09,46.90
161.31,B,-61,5.02,Near,12.09,46.90,I,5.33,weak,trotting,0.1229,12.09,46.90
161.31,C,-81,18.22,Far,12.09,46.90,I,5.33,weak,trotting,0.1229,12.09,46.90
162.31,A,-82,11.20,Far,13.39,49.04,G,6.01,weak,trotting,0.7466,13.39,49.04
162.31,B,-67,4.60,Near,13.39,49.04,G,6.01,weak,trotting,0.7466,13.39,49.04
162.31,C,-76,16.59,Far,13.39,49.04,G,6.01,weak,trotting,0.7466,13.39,49.04
163.31,A,-85,12.12,Far,11.45,50.63,G,3.67,weak,trotting,0.7032,11.45,50.63
163.31,B,-80,5.06,Far,11.45,50.63,G,3.67,weak,trotting,0.7032,11.45,50.63
163.31,C,-82,16.78,Far,11.45,50.63,G,3.67,weak,trotting,0.7032,11.45,50.63
164.31,A,-84,12.92,Far,9.52,52.20,G,1.86,weak,trotting,0.4710,9.52,52.20
164.31,B,-80,5.57,Far,9.52,52.20,G,1.86,weak,trotting,0.4710,9.52,52.20
164.31,C,-78,16.06,Far,9.52,52.20,G,1.86,weak,trotting,0.4710,9.52,52.20
165.31,A,-82,13.44,Far,7.59,53.79,G,2.42,weak,trotting,0.1589,7.59,53.79
165.31,B,-75,5.81,Far,7.59,53.79,G,2.42,weak,trotting,0.1589,7.59,53.79
165.31,C,-78,15.46,Far,7.59,53.79,G,2.42,weak,trotting,0.1589,7.59,53.79
166.31,A,-78,13.16,Far,5.65,55.37,G,4.56,weak,trotting,0.6393,5.65,55.37
166.31,B,-89,6.70,Far,5.65,55.37,G,4.56,weak,trotting,0.6393,5.65,55.37
166.31,C,-77,14.69,Far,5.65,55.37,G,4.56,weak,trotting,0.6393,5.65,55.37
167.31,A,-80,13.32,Far,8.04,56.14,G,2.91,weak,trotting,0.2856,8.04,56.14
167.31,B,-91,7.73,Far,8.04,56.14,G,2.91,weak,trotting,0.2856,8.04,56.14
167.31,C,-79,14.50,Far,8.04,56.14,G,2.91,weak,trotting,0.2856,8.04,56.14
168.31,A,-85,14.16,Far,8.22,53.65,G,1.81,weak,trotting,0.5650,8.22,53.65
168.31,B,0,-1.00,Unknown,8.22,53.65,G,1.81,weak,trotting,0.5650,8.22,53.65
168.31,C,-77,13.88,Far,8.22,53.65,G,1.81,weak,trotting,0.5650,8.22,53.65
169.31,A,-80,14.22,Far,8.76,51.21,G,3.05,weak,trotting,0.7019,8.76,51.21
169.31,B,-92,10.14,Far,8.76,51.21,G,3.05,weak,trotting,0.7019,8.76,51.21
169.31,C,-78,13.58,Far,8.76,51.21,G,3.05,weak,trotting,0.7019,8.76,51.21
170.31,A,-78,13.83,Far,9.30,48.77,G,5.28,weak,trotting,0.3931,9.30,48.77
170.31,B,-93,11.52,Far,9.30,48.77,G,5.28,weak,trotting,0.3931,9.30,48.77
170.31,C,-77,13.10,Far,9.30,48.77,G,5.28,weak,trotting,0.3931,9.30,48.77
171.31,A,-79,13.72,Far,9.39,46.26,I,4.30,weak,trotting,1.3691,9.39,46.26
171.31,B,0,-1.00,Unknown,9.39,46.26,I,4.30,weak,trotting,1.3691,9.39,46.26
171.31,C,-76,12.48,Far,9.39,46.26,I,4.30,weak,trotting,1.3691,9.39,46.26
172.31,A,-87,14.72,Far,9.49,43.76,I,1.84,weak,trotting,0.3450,9.49,43.76
172.31,B,0,-1.00,Unknown,9.49,43.76,I,1.84,weak,trotting,0.3450,9.49,43.76
172.31,C,-74,11.48,Far,9.49,43.76,I,1.84,weak,trotting,0.3450,9.49,43.76
173.31,A,-82,15.08,Far,9.59,41.27,I,0.84,weak,trotting,0.6281,9.59,41.27
173.31,B,0,-1.00,Unknown,9.59,41.27,I,0.84,weak,trotting,0.6281,9.59,41.27
173.31,C,-73,10.45,Far,9.59,41.27,I,0.84,weak,trotting,0.6281,9.59,41.27
174.31,A,-85,15.86,Far,9.69,38.77,I,3.24,weak,trotting,0.5951,9.69,38.77
174.31,B,0,-1.00,Unknown,9.69,38.77,I,3.24,weak,trotting,0.5951,9.69,38.77
174.31,C,-71,9.18,Far,9.69,38.77,I,3.24,weak,trotting,0.5951,9.69,38.77
175.31,A,-81,15.94,Far,9.80,36.28,I,5.73,weak,trotting,0.6960,9.80,36.28
175.31,B,0,-1.00,Unknown,9.80,36.28,I,5.73,weak,trotting,0.6960,9.80,36.28
175.31,C,-71,8.26,Far,9.80,36.28,I,5.73,weak,trotting,0.6960,9.80,36.28
176.31,A,-82,16.21,Far,9.90,33.98,X,3.99,weak,trotting,0.4538,9.90,33.98
176.31,B,0,-1.00,Unknown,9.90,33.98,X,3.99,weak,trotting,0.4538,9.90,33.98
176.31,C,-72,7.74,Far,9.90,33.98,X,3.99,weak,trotting,0.4538,9.90,33.98
177.31,A,-83,16.64,Far,9.95,32.91,X,2.91,weak,trotting,0.5090,9.95,32.91
177.31,B,0,-1.00,Unknown,9.95,32.91,X,2.91,weak,trotting,0.5090,9.95,32.91
177.31,C,-73,7.47,Far,9.95,32.91,X,2.91,weak,trotting,0.5090,9.95,32.91
178.31,A,-78,15.88,Far,9.97,32.27,X,2.27,weak,trotting,0.6685,9.97,32.27
178.31,B,0,-1.00,Unknown,9.97,32.27,X,2.27,weak,trotting,0.6685,9.97,32.27
178.31,C,-75,7.50,Far,9.97,32.27,X,2.27,weak,trotting,0.6685,9.97,32.27
179.31,A,-75,14.35,Far,10.83,34.63,X,4.71,weak,trotting,0.1539,10.83,34.63
179.31,B,-89,25.76,Far,10.83,34.63,X,4.71,weak,trotting,0.1539,10.83,34.63
179.31,C,-74,7.40,Far,10.83,34.63,X,4.71,weak,trotting,0.1539,10.83,34.63
180.31,A,-77,13.74,Far,11.68,36.98,I,5.30,weak,trotting,0.8446,11.68,36.98
180.31,B,-89,26.89,Far,11.68,36.98,I,5.30,weak,trotting,0.8446,11.68,36.98
180.31,C,-76,7.56,Far,11.68,36.98,I,5.30,weak,trotting,0.8446,11.68,36.98
181.31,A,-78,13.45,Far,12.52,39.32,I,3.68,weak,trotting,0.7673,12.52,39.32
181.31,B,-88,27.76,Far,12.52,39.32,I,3.68,weak,trotting,0.7673,12.52,39.32
181.31,C,-75,7.59,Far,12.52,39.32,I,3.68,weak,trotting,0.7673,12.52,39.32
182.31,A,-79,13.39,Far,13.37,41.67,I,3.39,weak,trotting,0.3551,13.37,41.67
182.31,B,-88,28.58,Far,13.37,41.67,I,3.39,weak,trotting,0.3551,13.37,41.67
182.31,C,-75,7.61,Far,13.37,41.67,I,3.39,weak,trotting,0.3551,13.37,41.67
183.31,A,-80,13.52,Far,11.90,43.69,I,2.55,weak,trotting,0.4013,11.90,43.69
183.31,B,-88,29.35,Far,11.90,43.69,I,2.55,weak,trotting,0.4013,11.90,43.69
183.31,C,-73,7.34,Far,11.90,43.69,I,2.55,weak,trotting,0.4013,11.90,43.69
184.31,A,-82,13.94,Far,13.01,45.93,I,4.96,weak,trotting,0.6841,13.01,45.93
184.31,B,-89,30.29,Far,13.01,45.93,I,4.96,weak,trotting,0.6841,13.01,45.93
184.31,C,-71,6.79,Far,13.01,45.93,I,4.96,weak,trotting,0.6841,13.01,45.93
185.31,A,-80,14.01,Far,14.13,48.17,G,7.14,weak,trotting,0.4211,14.13,48.17
185.31,B,-88,30.96,Far,14.13,48.17,G,7.14,weak,trotting,0.4211,14.13,48.17
185.31,C,-66,5.42,Far,14.13,48.17,G,7.14,weak,trotting,0.4211,14.13,48.17
186.31,A,-80,14.08,Far,15.24,50.41,M,5.97,weak,trotting,0.0393,15.24,50.41
186.31,B,-86,31.01,Far,15.24,50.41,M,5.97,weak,trotting,0.0393,15.24,50.41
186.31,C,-57,2.87,Far,15.24,50.41,M,5.97,weak,trotting,0.0393,15.24,50.41
187.31,A,-82,14.47,Far,14.56,48.00,I,7.53,weak,trotting,0.0331,14.56,48.00
187.31,B,0,-1.00,Unknown,14.56,48.00,I,7.53,weak,trotting,0.0331,14.56,48.00
187.31,C,-47,0.92,Near,14.56,48.00,I,7.53,weak,trotting,0.0331,14.56,48.00
188.31,A,-84,15.12,Far,14.40,47.42,I,6.98,weak,walking,0.0167,14.40,47.42
188.31,B,0,-1.00,Unknown,14.40,47.42,I,6.98,weak,walking,0.0167,14.40,47.42
188.31,C,-45,0.42,Immediate,14.40,47.42,I,6.98,weak,walking,0.0167,14.40,47.42
189.31,A,-83,15.61,Far,14.39,47.40,I,6.96,weak,stationary,0.0026,14.39,47.40
189.31,B,0,-1.00,Unknown,14.39,47.40,I,6.96,weak,stationary,0.0026,14.39,47.40
189.31,C,-46,0.28,Immediate,14.39,47.40,I,6.96,weak,stationary,0.0026,14.39,47.40
189.49,,,,,0.00,0.00,X,inf,none,stationary,0.0041,0.00,0.00
